case_study_id,title,portfolio_relevance,workflow,problem_pattern,what_ui_shows,defence_lesson,linked_fixture_or_inject,audience_soundbite
CS-01,Unit mismatch without silent conversion,NCB-204,batch,mg/L vs ug/mL on potency,Twin split view + abstention chip,Keep verbatim units; abstain from numeric conclusion,PUB-01|INJ-024,"We show the disagreement — we do not invent the truth"
CS-02,Genealogy break SUA-88,NCB-204,batch,MES vs warehouse identity gap,Batch Twin red edge + MFG task,Identity unresolved blocks readiness closure,PUB-01|INJ-021,"The twin refuses to heal a broken genealogy"
CS-03,Unverified supplier audit commitment,NCB-204,batch,Release packet authority gap,RBE red slot + Nadia handover,Unverified authority is never treated as closed,PUB-01|INJ-028,"Authority is earned — not assumed"
CS-04,PV awareness clock conflict,NCB-204,pv,Multi-channel receipt dates differ,Safety Case Twin timeline,Clock evidence only; humans set reporting posture outside,PUB-04,"Speed without a defensible clock is not safety"
CS-05,Cold-chain logger/pallet dispute,NCB-204|NCS-310,supply,Timezone and pallet mismatch,Cold-Chain Twin + non-executing options,Options with quality gates — no auto ship,PUB-07,"Simulation is allowed — shipment is not"
CS-06,Compassionate vs commercial tension,NCS-310|NCB-204,supply,Demand channels compete under shortage,Patient Impact + ethics escalation,Escalate ethics; do not auto-prioritise in software,PUB-07|PUB-08,"Patient urgency increases visibility — not silent allocation"
CS-07,Patent cliff without Quality bypass,NCX-101,obligations_desk,19-month exclusivity pressure,Portfolio countdown + exclusivity brief,Board lead-time goals cannot weaken QP independence,INJ-001|INJ-004,"We accelerate evidence packaging — not shortcuts"
CS-08,Unqualified research model gate,NCR-415,obligations_desk,Model lacks intended use,Privacy/model gate banner,Block portfolio use until intended-use locked,INJ-011,"Research curiosity is not an approved intended use"
CS-09,72-hour inspection pack,ALL,crosscut,Joint fictional inspection,Inspection War Room countdown,Assemble hashed packets; never fabricate,IR-72H,"When inspectors arrive — provenance is the product"
